Target,Source
Person 91,Person 2
Person 91,Person 14
Person 91,Person 66
Person 91,Person 69
Person 91,Person 93
Person 91,Person 94
Person 91,Person 101
Person 91,Person 105
Person 69,Person 20
Person 69,Person 36
Person 69,Person 53
Person 69,Person 28
Person 69,Person 75
Person 69,Person 58
Person 69,Person 46
Person 69,Person 50
Person 69,Person 9
Person 69,Person 98
Person 72,Person 53
Person 72,Person 66
Person 72,Person 26
Person 72,Person 32
Person 72,Person 107
Person 72,Person 93
Person 72,Person 116
Person 1,Person 24
Person 1,Person 12
Person 1,Person 2
Person 1,Person 36
Person 1,Person 81
Person 1,Person 117
Person 16,Person 5
Person 16,Person 17
Person 16,Person 37
Person 95,Person 17
Person 95,Person 40
Person 95,Person 78
Person 95,Person 79
Person 95,Person 88
Person 114,Person 43
Person 114,Person 45
Person 114,Person 53
Person 114,Person 73
Person 114,Person 116
Person 23,Person 84
Person 23,Person 63
Person 23,Person 96
Person 65,Person 7
Person 65,Person 17
Person 65,Person 31
Person 65,Person 36
Person 65,Person 40
Person 65,Person 44
Person 65,Person 92
Person 65,Person 70
Person 65,Person 83
Person 65,Person 107
Person 111,Person 17
Person 111,Person 26
Person 111,Person 43
Person 111,Person 49
Person 111,Person 53
Person 111,Person 73
Person 111,Person 81
Person 111,Person 68
Person 111,Person 64
Person 111,Person 116
Person 111,Person 94
Person 97,Person 9
Person 97,Person 34
Person 97,Person 53
Person 97,Person 78
Person 97,Person 87
Person 97,Person 33
Person 37,Person 86
Person 37,Person 13
Person 37,Person 43
Person 37,Person 103
Person 37,Person 119
Person 93,Person 38
Person 93,Person 78
Person 93,Person 79
Person 93,Person 89
Person 93,Person 94
Person 93,Person 107
Person 93,Person 10
Person 93,Person 64
Person 93,Person 118
Person 13,Person 6
Person 13,Person 39
Person 13,Person 42
Person 13,Person 68
Person 13,Person 27
Person 13,Person 59
Person 13,Person 99
Person 13,Person 67
Person 13,Person 119
Person 85,Person 53
Person 85,Person 78
Person 85,Person 17
Person 85,Person 66
Person 58,Person 6
Person 58,Person 14
Person 58,Person 30
Person 58,Person 53
Person 58,Person 73
Person 58,Person 83
Person 49,Person 43
Person 49,Person 53
Person 49,Person 63
Person 49,Person 73
Person 49,Person 89
Person 35,Person 11
Person 35,Person 117
Person 60,Person 20
Person 60,Person 27
Person 60,Person 51
Person 60,Person 24
Person 60,Person 22
Person 60,Person 116
Person 48,Person 21
Person 48,Person 25
Person 48,Person 53
Person 48,Person 73
Person 48,Person 89
Person 48,Person 94
Person 48,Person 116
Person 17,Person 2
Person 17,Person 9
Person 17,Person 10
Person 17,Person 119
Person 17,Person 25
Person 17,Person 27
Person 17,Person 98
Person 17,Person 46
Person 17,Person 77
Person 17,Person 92
Person 17,Person 70
Person 17,Person 14
Person 17,Person 64
Person 17,Person 54
Person 17,Person 43
Person 17,Person 53
Person 17,Person 63
Person 17,Person 117
Person 32,Person 43
Person 32,Person 73
Person 104,Person 38
Person 104,Person 44
Person 104,Person 70
Person 104,Person 10
Person 106,Person 25
Person 106,Person 26
Person 106,Person 78
Person 106,Person 87
Person 121,Person 2
Person 121,Person 14
Person 121,Person 52
Person 121,Person 78
Person 121,Person 92
Person 121,Person 71
Person 121,Person 39
Person 18,Person 71
Person 18,Person 46
Person 18,Person 29
Person 18,Person 53
Person 18,Person 108
Person 117,Person 70
Person 117,Person 89
Person 117,Person 8
Person 117,Person 108
Person 117,Person 62
Person 117,Person 55
Person 117,Person 41
Person 117,Person 59
Person 99,Person 14
Person 99,Person 53
Person 99,Person 73
Person 99,Person 79
Person 99,Person 6
Person 99,Person 107
Person 99,Person 46
Person 2,Person 42
Person 2,Person 4
Person 2,Person 64
Person 2,Person 68
Person 2,Person 7
Person 2,Person 20
Person 2,Person 43
Person 113,Person 43
Person 113,Person 50
Person 113,Person 53
Person 113,Person 73
Person 113,Person 30
Person 113,Person 39
Person 92,Person 36
Person 92,Person 44
Person 92,Person 51
Person 92,Person 90
Person 92,Person 28
Person 9,Person 87
Person 9,Person 12
Person 9,Person 100
Person 9,Person 28
Person 9,Person 3
Person 9,Person 34
Person 7,Person 14
Person 7,Person 54
Person 7,Person 25
Person 7,Person 43
Person 7,Person 63
Person 7,Person 89
Person 7,Person 96
Person 7,Person 101
Person 7,Person 109
Person 79,Person 67
Person 79,Person 22
Person 79,Person 80
Person 79,Person 11
Person 79,Person 94
Person 79,Person 62
Person 79,Person 119
Person 64,Person 63
Person 64,Person 12
Person 64,Person 73
Person 64,Person 81
Person 10,Person 43
Person 10,Person 53
Person 10,Person 78
Person 88,Person 50
Person 88,Person 90
Person 88,Person 98
Person 88,Person 108
Person 89,Person 36
Person 89,Person 77
Person 89,Person 54
Person 89,Person 94
Person 89,Person 105
Person 74,Person 40
Person 74,Person 43
Person 74,Person 78
Person 26,Person 44
Person 105,Person 43
Person 105,Person 53
Person 105,Person 73
Person 105,Person 83
Person 105,Person 46
Person 105,Person 103
Person 41,Person 109
Person 80,Person 70
Person 80,Person 81
Person 61,Person 36
Person 61,Person 51
Person 61,Person 50
Person 61,Person 27
Person 61,Person 108
Person 61,Person 78
Person 61,Person 70
Person 98,Person 36
Person 98,Person 40
Person 98,Person 46
Person 98,Person 54
Person 98,Person 70
Person 98,Person 73
Person 98,Person 81
Person 98,Person 110
Person 98,Person 75
Person 98,Person 53
Person 62,Person 70
Person 62,Person 45
Person 62,Person 78
Person 29,Person 4
Person 29,Person 108
Person 29,Person 47
Person 29,Person 19
Person 29,Person 36
Person 29,Person 78
Person 5,Person 53
Person 5,Person 75
Person 12,Person 6
Person 12,Person 53
Person 12,Person 100
Person 12,Person 116
Person 102,Person 22
Person 102,Person 25
Person 102,Person 53
Person 102,Person 63
Person 102,Person 96
Person 102,Person 101
Person 36,Person 43
Person 36,Person 82
Person 36,Person 51
Person 36,Person 63
Person 36,Person 15
Person 36,Person 39
Person 36,Person 78
Person 36,Person 38
Person 36,Person 50
Person 36,Person 86
Person 66,Person 21
Person 66,Person 40
Person 66,Person 14
Person 101,Person 109
Person 101,Person 19
Person 101,Person 45
Person 101,Person 82
Person 101,Person 28
Person 101,Person 51
Person 103,Person 63
Person 103,Person 109
Person 77,Person 21
Person 77,Person 53
Person 77,Person 120
Person 77,Person 42
Person 63,Person 51
Person 63,Person 53
Person 63,Person 44
Person 63,Person 25
Person 63,Person 78
Person 8,Person 30
Person 8,Person 43
Person 8,Person 45
Person 8,Person 116
Person 19,Person 20
Person 19,Person 73
Person 70,Person 43
Person 70,Person 50
Person 70,Person 53
Person 70,Person 78
Person 70,Person 110
Person 70,Person 68
Person 70,Person 39
Person 70,Person 108
Person 70,Person 94
Person 109,Person 38
Person 109,Person 115
Person 109,Person 47
Person 109,Person 100
Person 109,Person 116
Person 47,Person 20
Person 47,Person 27
Person 47,Person 116
Person 20,Person 53
Person 20,Person 90
Person 20,Person 51
Person 20,Person 27
Person 20,Person 78
Person 20,Person 116
Person 28,Person 81
Person 28,Person 96
Person 54,Person 22
Person 54,Person 73
Person 71,Person 14
Person 71,Person 53
Person 71,Person 108
Person 42,Person 14
Person 42,Person 43
Person 50,Person 43
Person 50,Person 82
Person 50,Person 44
Person 50,Person 76
Person 50,Person 53
Person 50,Person 73
Person 50,Person 75
Person 50,Person 78
Person 14,Person 43
Person 14,Person 25
Person 14,Person 21
Person 14,Person 118
Person 14,Person 55
Person 14,Person 73
Person 14,Person 75
Person 14,Person 96
Person 87,Person 112
Person 87,Person 120
Person 84,Person 43
Person 84,Person 81
Person 84,Person 118
Person 51,Person 40
Person 51,Person 68
Person 51,Person 33
Person 51,Person 78
Person 38,Person 120
Person 38,Person 82
Person 38,Person 56
Person 38,Person 81
Person 38,Person 73
Person 38,Person 57
Person 33,Person 73
Person 73,Person 22
Person 73,Person 25
Person 73,Person 40
Person 73,Person 53
Person 73,Person 68
Person 73,Person 118
Person 73,Person 86
Person 73,Person 67
Person 73,Person 21
Person 73,Person 59
Person 73,Person 6
Person 73,Person 46
Person 73,Person 75
Person 73,Person 78
Person 30,Person 53
Person 30,Person 78
Person 55,Person 53
Person 55,Person 90
Person 55,Person 116
Person 76,Person 27
Person 76,Person 94
Person 94,Person 40
Person 94,Person 53
Person 94,Person 78
Person 94,Person 4
Person 94,Person 68
Person 94,Person 83
Person 4,Person 21
Person 4,Person 25
Person 86,Person 53
Person 86,Person 78
Person 86,Person 81
Person 82,Person 75
Person 27,Person 53
Person 27,Person 78
Person 44,Person 119
Person 56,Person 43
Person 24,Person 59
Person 24,Person 107
Person 53,Person 25
Person 53,Person 34
Person 53,Person 3
Person 53,Person 40
Person 53,Person 108
Person 53,Person 67
Person 53,Person 46
Person 53,Person 68
Person 53,Person 107
Person 53,Person 78
Person 53,Person 15
Person 53,Person 39
Person 53,Person 21
Person 53,Person 116
Person 53,Person 59
Person 15,Person 78
Person 59,Person 25
Person 59,Person 43
Person 116,Person 25
Person 116,Person 96
Person 116,Person 46
Person 116,Person 68
Person 116,Person 107
Person 116,Person 75
Person 116,Person 90
Person 40,Person 90
Person 40,Person 46
Person 40,Person 112
Person 40,Person 78
Person 96,Person 22
Person 96,Person 118
Person 78,Person 25
Person 78,Person 43
Person 78,Person 75
Person 78,Person 68
Person 78,Person 110
Person 78,Person 3
Person 78,Person 39
Person 34,Person 57
Person 43,Person 107
Person 43,Person 120
Person 75,Person 46
Person 3,Person 25
Person 120,Person 46
Person 67,Person 100
